[
  {
    "id": 1573731447,
    "sid": "8",
    "mid": "1573527509",
    "servicename": "Chimney Repairing",
    "servicecharge": "0",
    "membername": "Ravendra Kumar",
    "mobile": "7906605262",
    "email": "ravendra@gmail.com",
    "address": "Ghaziabad",
    "pincode": "201002",
    "city": "Ghaziabad",
    "bookingfor": "Installation",
    "date": "14-11-2019 17:07:27 PM",
    "status": 0
  },
  {
    "id": 1573731991,
    "sid": "7",
    "mid": "1573527509",
    "servicename": "Inverter/Battery Repairing",
    "servicecharge": "0",
    "membername": "Ravendra Kumar",
    "mobile": "7906605262",
    "email": "ravendra@gmail.com",
    "address": "Ghaziabad",
    "pincode": "201002",
    "city": "Ghaziabad",
    "bookingfor": "Installation",
    "date": "14-11-2019 17:16:31 PM",
    "status": 1
  }
]