[
{
	"id":1,
	"img":"images/ac.jpg",
	"price":"100",
	"offer":"90",
	"options":[
      {
      	"type":"Installation"
      },
      {
      	"type":"Repairing"
      },
      {
      	"type":"Unistallation"
      }
	],
	"title":"AC Services & Repair"
    
},
{
	"id":2,
	"img":"images/sound_system.png",
	"price":"100",
	"offer":"90",
	"options":[
      {
      	"type":"Installation"
      },
      {
      	"type":"Repairing"
      },
      {
      	"type":"Unistallation"
      }
	],
	"title":"Home Theater & Sound System"
    
},
{
	"id":3,
	"img":"images/mobile.png",
	"price":"100",
	"offer":"90",
	"options":[
      {
      	"type":"Installation"
      },
      {
      	"type":"Repairing"
      },
      {
      	"type":"Unistallation"
      }
	],
	"title":"Mobile Repairing"
    
},
{
	"id":4,
	"img":"images/cooler.png",
	"price":"100",
	"offer":"90",
	"options":[
      {
      	"type":"Installation"
      },
      {
      	"type":"Repairing"
      },
      {
      	"type":"Unistallation"
      }
	],
	"title":"Cooler Repairing & Service"
    
},
{
	"id":5,
	"img":"images/fan.png",
	"price":"100",
	"offer":"90",
	"options":[
      {
      	"type":"Installation"
      },
      {
      	"type":"Repairing"
      },
      {
      	"type":"Unistallation"
      }
	],
	"title":"Fan Services & Repair"
    
},
{
	"id":6,
	"img":"images/ipad.png",
	"price":"100",
	"offer":"90",
	"options":[
      {
      	"type":"Installation"
      },
      {
      	"type":"Repairing"
      },
      {
      	"type":"Unistallation"
      }
	],
	"title":"Iphone/Mac Repairing"
    
},
{
	"id":7,
	"img":"images/inverter.png",
	"price":"100",
	"offer":"90",
	"options":[
      {
      	"type":"Installation"
      },
      {
      	"type":"Repairing"
      },
      {
      	"type":"Unistallation"
      }
	],
	"title":"Inverter/Battery Repairing"
    
},
{
	"id":8,
	"img":"images/chimney.png",
	"price":"100",
	"offer":"90",
	"options":[
      {
      	"type":"Installation"
      },
      {
      	"type":"Repairing"
      },
      {
      	"type":"Unistallation"
      }
	],
	"title":"Chimney Repairing"
    
},
{
	"id":9,
	"img":"images/refrigerator.png",
	"price":"100",
	"offer":"90",
	"options":[
      {
      	"type":"Installation"
      },
      {
      	"type":"Repairing"
      },
      {
      	"type":"Unistallation"
      }
	],
	"title":"Refrigerator Repairing"
    
},
{
	"id":10,
	"img":"images/mixi.png",
	"price":"100",
	"offer":"90",
	"options":[
      {
      	"type":"Installation"
      },
      {
      	"type":"Repairing"
      },
      {
      	"type":"Unistallation"
      }
	],
	"title":"Mixi/Grinder Repairing"
    
},
{
	"id":11,
	"img":"images/iron.png",
	"price":"100",
	"offer":"90",
	"options":[
      {
      	"type":"Installation"
      },
      {
      	"type":"Repairing"
      },
      {
      	"type":"Unistallation"
      }
	],
	"title":"Iron Repairing"
    
},
{
	"id":12,
	"img":"images/laptop.png",
	"price":"100",
	"offer":"90",
	"options":[
      {
      	"type":"Installation"
      },
      {
      	"type":"Repairing"
      },
      {
      	"type":"Unistallation"
      }
	],
	"title":"Laptop/Computer Repairing"
    
},
{
	"id":13,
	"img":"images/microwave.png",
	"price":"100",
	"offer":"90",
	"options":[
      {
      	"type":"Installation"
      },
      {
      	"type":"Repairing"
      },
      {
      	"type":"Unistallation"
      }
	],
	"title":"Microwave Oven Repairing"
    
},
{
	"id":14,
	"img":"images/ro.png",
	"price":"100",
	"offer":"90",
	"options":[
      {
      	"type":"Installation"
      },
      {
      	"type":"Repairing"
      },
      {
      	"type":"Unistallation"
      }
	],
	"title":"Water Purifier Repairing"
    
},
{
	"id":15,
	"img":"images/gas.png",
	"price":"100",
	"offer":"90",
	"options":[
      {
      	"type":"Installation"
      },
      {
      	"type":"Repairing"
      },
      {
      	"type":"Unistallation"
      }
	],
	"title":"Gas Stove(Chulha) Repairing"
    
},
{
	"id":16,
	"img":"images/washing.png",
	"price":"100",
	"offer":"90",
	"options":[
      {
      	"type":"Installation"
      },
      {
      	"type":"Repairing"
      },
      {
      	"type":"Unistallation"
      }
	],
	"title":"Washing Machine Repairing"
    
},
{
	"id":17,
	"img":"images/gyser.png",
	"price":"100",
	"offer":"90",
	"options":[
      {
      	"type":"Installation"
      },
      {
      	"type":"Repairing"
      },
      {
      	"type":"Unistallation"
      }
	],
	"title":"Gyser/Water Heater Repairing"
    
},
{
	"id":18,
	"img":"icons/repair.png",
	"price":"100",
	"offer":"90",
	"options":[
      {
      	"type":"Installation"
      },
      {
      	"type":"Repairing"
      },
      {
      	"type":"Unistallation"
      }
	],
	"title":"LED/TV Repairing"
    
}
]