[{"transaction_id":"pay_DfhSD1BVNHV1MA","mid":"1573527509","name":"Ravendra Kumar","mobile":"7906605262","amount":"3600","type":"Membership","date":"13-11-2019 10:35:05 AM"},{"transaction_id":"pay_DgCUu25lBzgpfi","mid":"1573527509","name":"Ravendra Kumar","mobile":"7906605262","amount":"10","type":"wallet","date":"14-11-2019 16:57:07 PM"},{"transaction_id":"pay_DgGdL2xqRAOZQg","mid":"1573527509","name":"Ravendra Kumar","mobile":"7906605262","amount":"100","type":"wallet","date":"14-11-2019 20:59:51 PM"}]